{
    "camera_settings": {
        "SensorTimestamp": 77963085000,
        "ScalerCrop": [
            0,
            0,
            4608,
            2592
        ],
        "ScalerCrops": [
            [
                0,
                0,
                4608,
                2592
            ]
        ],
        "AfPauseState": 0,
        "AfState": 0,
        "ExposureTime": 1535994,
        "FocusFoM": 0,
        "AnalogueGain": 1.1228070259094238,
        "AeLocked": false,
        "ColourCorrectionMatrix": [
            1.5528194904327393,
            -0.39372357726097107,
            -0.15908999741077423,
            -0.27662748098373413,
            1.6262099742889404,
            -0.3495784401893616,
            -0.01053665578365326,
            -0.4731007516384125,
            1.483647346496582
        ],
        "FrameDuration": 1536288,
        "SensorTemperature": 42.0,
        "DigitalGain": 1.000003695487976,
        "LensPosition": 1.0,
        "Lux": 51.008216857910156,
        "ColourTemperature": 5387,
        "ColourGains": [
            2.173182964324951,
            1.7322947978973389
        ],
        "SensorBlackLevels": [
            4096,
            4096,
            4096,
            4096
        ]
    },
    "exposure_times": [
        187,
        375,
        750,
        1500,
        3000,
        6000,
        12000,
        24000,
        48000,
        96000,
        192000,
        384000,
        768000,
        1536000
    ]
}