{
    "camera_settings": {
        "SensorTimestamp": 160916819000,
        "ScalerCrop": [
            0,
            0,
            4608,
            2592
        ],
        "ScalerCrops": [
            [
                0,
                0,
                4608,
                2592
            ]
        ],
        "AfPauseState": 0,
        "AfState": 0,
        "ExposureTime": 1535994,
        "FocusFoM": 349,
        "AnalogueGain": 1.4992679357528687,
        "AeLocked": false,
        "ColourCorrectionMatrix": [
            1.6031358242034912,
            -0.3877426087856293,
            -0.21538981795310974,
            -0.34664708375930786,
            1.6439474821090698,
            -0.29729366302490234,
            0.04561470448970795,
            -0.7417616844177246,
            1.6961569786071777
        ],
        "FrameDuration": 1536288,
        "SensorTemperature": 45.0,
        "DigitalGain": 1.0000035762786865,
        "LensPosition": 1.0,
        "Lux": 37.3517951965332,
        "ColourTemperature": 3396,
        "ColourGains": [
            1.554237723350525,
            2.5622637271881104
        ],
        "SensorBlackLevels": [
            4096,
            4096,
            4096,
            4096
        ]
    },
    "exposure_times": [
        187,
        375,
        750,
        1500,
        3000,
        6000,
        12000,
        24000,
        48000,
        96000,
        192000,
        384000,
        768000,
        1536000
    ]
}